item1,item2,item3,item4
vala,kek,banan,puti
stysty
yoyo,tutu
stysty
yoyo,tutu
stysty
vala,kek
stysty
yoyo,tutu
stysty
yoyo,tutu,puti
stysty
vala,kek
stysty
yoyo,tutu
stysty
yoyo,tutu
stysty
vala,kek
stysty
yoyo,tutu,puti
stysty
yoyo,tutu
stysty
vala,kek
stysty
yoyo,tutu
stysty
yoyo,tutu
stysty
vala,kek,banan,puti
stysty
yoyo,tutu
stysty
yoyo,tutu
stysty
vala,kek
stysty
yoyo,tutu
stysty
yoyo,tutu,puti
stysty
vala,kek
stysty
yoyo,tutu
stysty
yoyo,tutu
stysty
vala,kek
stysty
yoyo,tutu,puti
stysty
yoyo,tutu
stysty
vala,kek
stysty
yoyo,tutu
stysty
yoyo,tutu
stysty
vala,kek,banan,puti
stysty
yoyo,tutu
stysty
yoyo,tutu
stysty
vala,kek
stysty
yoyo,tutu
stysty
yoyo,tutu,puti
stysty
vala,kek
stysty
yoyo,tutu
stysty
yoyo,tutu
stysty
vala,kek
stysty
yoyo,tutu,puti
stysty
yoyo,tutu
stysty
vala,kek
stysty
yoyo,tutu
stysty
yoyo,tutu
stysty
vala,kek,banan,puti
stysty
yoyo,tutu
stysty
yoyo,tutu
stysty
vala,kek
stysty
yoyo,tutu
stysty
